<?xml version="1.0" encoding="UTF-8"?>
<!DOCTYPE mapper PUBLIC "-//mybatis.org//DTD Mapper 3.0//EN" "http://mybatis.org/dtd/mybatis-3-mapper.dtd">
<!-- create by autoCode,v1.0.0 -->
<mapper namespace="com.caopan.TrainSys.biz.dao.UserDao">
	<resultMap id="userResultMap" type="com.caopan.TrainSys.model.User">
		<id property="id" column="id"/>
		<result property="name" column="name"/>
		<result property="password" column="password"/>
		<result property="mobile" column="mobile"/>
		<result property="idCard" column="idCard"/>
		<result property="openId" column="openId"/>
		<result property="role" column="role"/>
		<result property="classId" column="classId"/>
	</resultMap>
	<insert id="insert" parameterType="com.caopan.TrainSys.model.User" useGeneratedKeys="true"
		keyProperty="id">
		INSERT INTO user( name, password, mobile, idCard,openId,role,classId)
		VALUES (#{name}, #{password}, #{mobile}, #{idCard}, #{openId}, #{role} , #{classId})
	</insert>
	
	<select id="getUserByMobile" parameterType="map" resultMap="userResultMap">
		SELECT * FROM user WHERE mobile=#{mobile} LIMIT 1
	</select>
	
	<select id="getUserByIdcard" parameterType="map" resultMap="userResultMap">
		SELECT * FROM user WHERE idCard=#{idCard} LIMIT 1
	</select>
	<select id="getUserByOpenId" parameterType="map" resultMap="userResultMap">
		SELECT * FROM user WHERE openId=#{openId} LIMIT 1
	</select>

</mapper>
